{"assets/google_fonts/Kanit-Black.ttf":["assets/google_fonts/Kanit-Black.ttf"],"assets/google_fonts/Kanit-BlackItalic.ttf":["assets/google_fonts/Kanit-BlackItalic.ttf"],"assets/google_fonts/Kanit-Bold.ttf":["assets/google_fonts/Kanit-Bold.ttf"],"assets/google_fonts/Kanit-BoldItalic.ttf":["assets/google_fonts/Kanit-BoldItalic.ttf"],"assets/google_fonts/Kanit-ExtraBold.ttf":["assets/google_fonts/Kanit-ExtraBold.ttf"],"assets/google_fonts/Kanit-ExtraBoldItalic.ttf":["assets/google_fonts/Kanit-ExtraBoldItalic.ttf"],"assets/google_fonts/Kanit-ExtraLight.ttf":["assets/google_fonts/Kanit-ExtraLight.ttf"],"assets/google_fonts/Kanit-ExtraLightItalic.ttf":["assets/google_fonts/Kanit-ExtraLightItalic.ttf"],"assets/google_fonts/Kanit-Italic.ttf":["assets/google_fonts/Kanit-Italic.ttf"],"assets/google_fonts/Kanit-Light.ttf":["assets/google_fonts/Kanit-Light.ttf"],"assets/google_fonts/Kanit-LightItalic.ttf":["assets/google_fonts/Kanit-LightItalic.ttf"],"assets/google_fonts/Kanit-Medium.ttf":["assets/google_fonts/Kanit-Medium.ttf"],"assets/google_fonts/Kanit-MediumItalic.ttf":["assets/google_fonts/Kanit-MediumItalic.ttf"],"assets/google_fonts/Kanit-Regular.ttf":["assets/google_fonts/Kanit-Regular.ttf"],"assets/google_fonts/Kanit-SemiBold.ttf":["assets/google_fonts/Kanit-SemiBold.ttf"],"assets/google_fonts/Kanit-SemiBoldItalic.ttf":["assets/google_fonts/Kanit-SemiBoldItalic.ttf"],"assets/google_fonts/Kanit-Thin.ttf":["assets/google_fonts/Kanit-Thin.ttf"],"assets/google_fonts/Kanit-ThinItalic.ttf":["assets/google_fonts/Kanit-ThinItalic.ttf"],"assets/google_fonts/OFL.txt":["assets/google_fonts/OFL.txt"],"assets/icons/login%20-%20Copy.svg":["assets/icons/login%20-%20Copy.svg"],"assets/icons/login-01.svg":["assets/icons/login-01.svg"],"assets/icons/login.svg":["assets/icons/login.svg"],"assets/icons/logo.png":["assets/icons/logo.png"],"assets/images/home_top.png":["assets/images/home_top.png"],"assets/images/left-bar.jpg":["assets/images/left-bar.jpg"],"assets/images/login_bottom.png":["assets/images/login_bottom.png"],"assets/images/logo.jpg":["assets/images/logo.jpg"],"assets/images/main_bottom.png":["assets/images/main_bottom.png"],"assets/images/main_top.png":["assets/images/main_top.png"],"assets/images/noimage.jpg":["assets/images/noimage.jpg"],"assets/images/qr_footer.png":["assets/images/qr_footer.png"],"assets/images/qr_header.jpg":["assets/images/qr_header.jpg"],"assets/images/qr_logo.png":["assets/images/qr_logo.png"],"assets/images/signup_top.png":["assets/images/signup_top.png"],"assets/images/welcome.png":["assets/images/welcome.png"],"packages/cupertino_icons/assets/CupertinoIcons.ttf":["packages/cupertino_icons/assets/CupertinoIcons.ttf"],"packages/esc_pos_utils_plus/resources/capabilities.json":["packages/esc_pos_utils_plus/resources/capabilities.json"]}